file,model,technique,intensity,rows,over128,over128_rate,max_tokens,unk_row_rate,unk_token_rate,unk_row_rate_attack,unk_row_rate_benign
train,koelectra,ALL,,4809,0,0.0,125,0.0015,0.0001,0.0008,0.0021
valid,koelectra,ALL,,604,0,0.0,101,0.0017,0.0003,0.0033,0.0
test,koelectra,ALL,,604,0,0.0,103,0.0,0.0,0.0,0.0
kg_test,koelectra,ALL,,172,0,0.0,56,0.0,0.0,0.0,0.0
augmented_train,koelectra,ALL,,14377,1,0.0001,130,0.6195,0.0761,0.623,0.6161
augmented_train,koelectra,original,,4809,0,0.0,125,0.0015,0.0001,0.0008,0.0021
augmented_train,koelectra,symbol_insert,0.3,4809,1,0.0002,130,0.9859,0.1479,0.9875,0.9842
augmented_train,koelectra,yamin_swap,0.7,4759,0,0.0,127,0.8739,0.0729,0.8834,0.8645
obfuscated_test,koelectra,ALL,,20143,211,0.0105,232,0.3027,0.0369,0.3104,0.2951
obfuscated_test,koelectra,chosung,0.3,604,0,0.0,121,0.0,0.0,0.0,0.0
obfuscated_test,koelectra,chosung,0.7,604,2,0.0033,134,0.0,0.0,0.0,0.0
obfuscated_test,koelectra,continue_sound,0.3,424,0,0.0,104,0.0566,0.0017,0.067,0.0465
obfuscated_test,koelectra,continue_sound,0.7,552,0,0.0,106,0.0996,0.0034,0.1159,0.0833
obfuscated_test,koelectra,filler_insert,0.3,604,10,0.0166,156,0.0,0.0,0.0,0.0
obfuscated_test,koelectra,filler_insert,0.7,604,46,0.0762,232,0.0,0.0,0.0,0.0
obfuscated_test,koelectra,final_decompose,0.3,601,0,0.0,126,0.0749,0.0021,0.0903,0.0596
obfuscated_test,koelectra,final_decompose,0.7,603,8,0.0133,156,0.1476,0.0035,0.2133,0.0825
obfuscated_test,koelectra,final_replace,0.3,601,0,0.0,96,0.99,0.1314,0.9933,0.9868
obfuscated_test,koelectra,final_replace,0.7,603,0,0.0,86,1.0,0.3018,1.0,1.0
obfuscated_test,koelectra,iconic_swap,0.3,604,0,0.0,125,0.995,0.166,0.9967,0.9934
obfuscated_test,koelectra,iconic_swap,0.7,604,6,0.0099,146,1.0,0.2929,1.0,1.0
obfuscated_test,koelectra,jamo_decompose,0.3,604,12,0.0199,162,0.4503,0.0129,0.5167,0.3849
obfuscated_test,koelectra,jamo_decompose,0.7,604,45,0.0745,222,0.7401,0.0212,0.7833,0.6974
obfuscated_test,koelectra,qwerty,0.3,604,11,0.0182,163,0.0,0.0,0.0,0.0
obfuscated_test,koelectra,qwerty,0.7,604,44,0.0728,222,0.0,0.0,0.0,0.0
obfuscated_test,koelectra,romanize,0.3,604,3,0.005,155,0.0,0.0,0.0,0.0
obfuscated_test,koelectra,romanize,0.7,604,23,0.0381,190,0.0,0.0,0.0,0.0
obfuscated_test,koelectra,space_delete,0.3,598,0,0.0,108,0.0,0.0,0.0,0.0
obfuscated_test,koelectra,space_delete,0.7,604,0,0.0,116,0.0,0.0,0.0,0.0
obfuscated_test,koelectra,space_insert,0.3,604,0,0.0,112,0.0,0.0,0.0,0.0
obfuscated_test,koelectra,space_insert,0.7,604,1,0.0017,129,0.0,0.0,0.0,0.0
obfuscated_test,koelectra,syllable_shuffle,0.3,599,0,0.0,110,0.0,0.0,0.0,0.0
obfuscated_test,koelectra,syllable_shuffle,0.7,603,0,0.0,119,0.0,0.0,0.0,0.0
obfuscated_test,koelectra,symbol_insert,0.3,604,0,0.0,117,0.9917,0.1455,0.9933,0.9901
obfuscated_test,koelectra,symbol_insert,0.7,604,0,0.0,122,0.9983,0.2549,0.9967,1.0
obfuscated_test,koelectra,tensify,0.3,602,0,0.0,108,0.314,0.0118,0.3233,0.3046
obfuscated_test,koelectra,tensify,0.7,604,0,0.0,116,0.5265,0.0223,0.53,0.523
obfuscated_test,koelectra,vowel_replace,0.3,515,0,0.0,105,0.0893,0.0027,0.0856,0.093
obfuscated_test,koelectra,vowel_replace,0.7,580,0,0.0,107,0.1431,0.0049,0.1498,0.1365
obfuscated_test,koelectra,yamin_swap,0.3,583,0,0.0,108,0.6913,0.0337,0.7,0.6826
obfuscated_test,koelectra,yamin_swap,0.7,599,0,0.0,111,0.8715,0.0747,0.8859,0.8571
obfuscated_test,koelectra,zwsp_inject,0.3,604,0,0.0,103,0.0,0.0,0.0,0.0
obfuscated_test,koelectra,zwsp_inject,0.7,604,0,0.0,103,0.0,0.0,0.0,0.0
obfuscated_kg_test,koelectra,ALL,,5705,0,0.0,121,0.2976,0.0374,0.3076,0.2805
obfuscated_kg_test,koelectra,chosung,0.3,172,0,0.0,67,0.0,0.0,0.0,0.0
obfuscated_kg_test,koelectra,chosung,0.7,172,0,0.0,71,0.0,0.0,0.0,0.0
obfuscated_kg_test,koelectra,continue_sound,0.3,102,0,0.0,57,0.0588,0.0024,0.0704,0.0323
obfuscated_kg_test,koelectra,continue_sound,0.7,149,0,0.0,57,0.0738,0.0032,0.102,0.0196
obfuscated_kg_test,koelectra,filler_insert,0.3,172,0,0.0,84,0.0,0.0,0.0,0.0
obfuscated_kg_test,koelectra,filler_insert,0.7,172,0,0.0,121,0.0,0.0,0.0,0.0
obfuscated_kg_test,koelectra,final_decompose,0.3,172,0,0.0,63,0.0756,0.0028,0.0926,0.0469
obfuscated_kg_test,koelectra,final_decompose,0.7,172,0,0.0,73,0.1686,0.0055,0.2315,0.0625
obfuscated_kg_test,koelectra,final_replace,0.3,172,0,0.0,52,0.9884,0.1168,0.9907,0.9844
obfuscated_kg_test,koelectra,final_replace,0.7,172,0,0.0,47,1.0,0.2679,1.0,1.0
obfuscated_kg_test,koelectra,iconic_swap,0.3,172,0,0.0,56,0.9942,0.1689,0.9907,1.0
obfuscated_kg_test,koelectra,iconic_swap,0.7,172,0,0.0,69,1.0,0.3055,1.0,1.0
obfuscated_kg_test,koelectra,jamo_decompose,0.3,172,0,0.0,75,0.4244,0.0162,0.4815,0.3281
obfuscated_kg_test,koelectra,jamo_decompose,0.7,172,0,0.0,99,0.7442,0.0263,0.8056,0.6406
obfuscated_kg_test,koelectra,qwerty,0.3,172,0,0.0,89,0.0,0.0,0.0,0.0
obfuscated_kg_test,koelectra,qwerty,0.7,172,0,0.0,120,0.0,0.0,0.0,0.0
obfuscated_kg_test,koelectra,romanize,0.3,172,0,0.0,77,0.0,0.0,0.0,0.0
obfuscated_kg_test,koelectra,romanize,0.7,172,0,0.0,102,0.0,0.0,0.0,0.0
obfuscated_kg_test,koelectra,space_delete,0.3,172,0,0.0,57,0.0,0.0,0.0,0.0
obfuscated_kg_test,koelectra,space_delete,0.7,172,0,0.0,58,0.0,0.0,0.0,0.0
obfuscated_kg_test,koelectra,space_insert,0.3,172,0,0.0,61,0.0,0.0,0.0,0.0
obfuscated_kg_test,koelectra,space_insert,0.7,172,0,0.0,69,0.0,0.0,0.0,0.0
obfuscated_kg_test,koelectra,syllable_shuffle,0.3,171,0,0.0,60,0.0,0.0,0.0,0.0
obfuscated_kg_test,koelectra,syllable_shuffle,0.7,172,0,0.0,61,0.0,0.0,0.0,0.0
obfuscated_kg_test,koelectra,symbol_insert,0.3,172,0,0.0,58,0.9767,0.1444,0.9907,0.9531
obfuscated_kg_test,koelectra,symbol_insert,0.7,172,0,0.0,75,1.0,0.2384,1.0,1.0
obfuscated_kg_test,koelectra,tensify,0.3,172,0,0.0,61,0.3372,0.0162,0.3704,0.2812
obfuscated_kg_test,koelectra,tensify,0.7,172,0,0.0,60,0.5291,0.0309,0.5648,0.4688
obfuscated_kg_test,koelectra,vowel_replace,0.3,148,0,0.0,57,0.0541,0.0026,0.0612,0.04
obfuscated_kg_test,koelectra,vowel_replace,0.7,165,0,0.0,57,0.1091,0.0052,0.1346,0.0656
obfuscated_kg_test,koelectra,yamin_swap,0.3,156,0,0.0,57,0.6538,0.0352,0.6667,0.6296
obfuscated_kg_test,koelectra,yamin_swap,0.7,170,0,0.0,57,0.8,0.0645,0.7963,0.8065
obfuscated_kg_test,koelectra,zwsp_inject,0.3,172,0,0.0,56,0.0,0.0,0.0,0.0
obfuscated_kg_test,koelectra,zwsp_inject,0.7,172,0,0.0,56,0.0,0.0,0.0,0.0
train,mdeberta,ALL,,4809,4,0.0008,138,0.0015,0.0001,0.0,0.0029
valid,mdeberta,ALL,,604,1,0.0017,133,0.0033,0.0001,0.0,0.0066
test,mdeberta,ALL,,604,0,0.0,127,0.0,0.0,0.0,0.0
kg_test,mdeberta,ALL,,172,0,0.0,65,0.0,0.0,0.0,0.0
augmented_train,mdeberta,ALL,,14377,87,0.0061,195,0.6209,0.0455,0.6223,0.6194
augmented_train,mdeberta,original,,4809,4,0.0008,138,0.0015,0.0001,0.0,0.0029
augmented_train,mdeberta,symbol_insert,0.3,4809,75,0.0156,195,0.9056,0.0512,0.913,0.8983
augmented_train,mdeberta,yamin_swap,0.7,4759,8,0.0017,154,0.959,0.0797,0.9575,0.9606
obfuscated_test,mdeberta,ALL,,20143,334,0.0166,234,0.5712,0.1247,0.5744,0.5681
obfuscated_test,mdeberta,chosung,0.3,604,2,0.0033,137,1.0,0.2144,1.0,1.0
obfuscated_test,mdeberta,chosung,0.7,604,0,0.0,128,1.0,0.3546,1.0,1.0
obfuscated_test,mdeberta,continue_sound,0.3,424,1,0.0024,129,0.0566,0.0013,0.067,0.0465
obfuscated_test,mdeberta,continue_sound,0.7,552,1,0.0018,129,0.1014,0.0029,0.1159,0.087
obfuscated_test,mdeberta,filler_insert,0.3,604,13,0.0215,162,1.0,0.2199,1.0,1.0
obfuscated_test,mdeberta,filler_insert,0.7,604,40,0.0662,213,1.0,0.3782,1.0,1.0
obfuscated_test,mdeberta,final_decompose,0.3,601,3,0.005,145,1.0,0.1127,1.0,1.0
obfuscated_test,mdeberta,final_decompose,0.7,603,13,0.0216,168,1.0,0.2228,1.0,1.0
obfuscated_test,mdeberta,final_replace,0.3,601,1,0.0017,136,0.985,0.0887,0.99,0.9801
obfuscated_test,mdeberta,final_replace,0.7,603,1,0.0017,131,0.9983,0.1788,1.0,0.9967
obfuscated_test,mdeberta,iconic_swap,0.3,604,14,0.0232,168,1.0,0.2052,1.0,1.0
obfuscated_test,mdeberta,iconic_swap,0.7,604,37,0.0613,206,1.0,0.3461,1.0,1.0
obfuscated_test,mdeberta,jamo_decompose,0.3,604,2,0.0033,134,1.0,0.2156,1.0,1.0
obfuscated_test,mdeberta,jamo_decompose,0.7,604,0,0.0,124,1.0,0.3552,1.0,1.0
obfuscated_test,mdeberta,qwerty,0.3,604,11,0.0182,160,0.0,0.0,0.0,0.0
obfuscated_test,mdeberta,qwerty,0.7,604,31,0.0513,201,0.0,0.0,0.0,0.0
obfuscated_test,mdeberta,romanize,0.3,604,4,0.0066,148,0.0,0.0,0.0,0.0
obfuscated_test,mdeberta,romanize,0.7,604,11,0.0182,158,0.0,0.0,0.0,0.0
obfuscated_test,mdeberta,space_delete,0.3,598,0,0.0,123,0.0,0.0,0.0,0.0
obfuscated_test,mdeberta,space_delete,0.7,604,0,0.0,118,0.0,0.0,0.0,0.0
obfuscated_test,mdeberta,space_insert,0.3,604,5,0.0083,146,0.0,0.0,0.0,0.0
obfuscated_test,mdeberta,space_insert,0.7,604,16,0.0265,174,0.0,0.0,0.0,0.0
obfuscated_test,mdeberta,syllable_shuffle,0.3,599,1,0.0017,131,0.0,0.0,0.0,0.0
obfuscated_test,mdeberta,syllable_shuffle,0.7,603,1,0.0017,140,0.0,0.0,0.0,0.0
obfuscated_test,mdeberta,symbol_insert,0.3,604,16,0.0265,179,0.9156,0.052,0.93,0.9013
obfuscated_test,mdeberta,symbol_insert,0.7,604,48,0.0795,234,0.9834,0.0861,0.9833,0.9836
obfuscated_test,mdeberta,tensify,0.3,602,1,0.0017,132,0.3272,0.01,0.33,0.3245
obfuscated_test,mdeberta,tensify,0.7,604,4,0.0066,146,0.5364,0.0188,0.5333,0.5395
obfuscated_test,mdeberta,vowel_replace,0.3,515,1,0.0019,129,0.167,0.0042,0.1984,0.1357
obfuscated_test,mdeberta,vowel_replace,0.7,580,1,0.0017,132,0.2621,0.0077,0.3206,0.2048
obfuscated_test,mdeberta,yamin_swap,0.3,583,1,0.0017,132,0.8696,0.0383,0.8621,0.8771
obfuscated_test,mdeberta,yamin_swap,0.7,599,1,0.0017,135,0.9599,0.0828,0.953,0.9668
obfuscated_test,mdeberta,zwsp_inject,0.3,604,15,0.0248,168,1.0,0.2195,1.0,1.0
obfuscated_test,mdeberta,zwsp_inject,0.7,604,38,0.0629,210,1.0,0.3784,1.0,1.0
obfuscated_kg_test,mdeberta,ALL,,5705,0,0.0,115,0.5641,0.1189,0.5695,0.5548
obfuscated_kg_test,mdeberta,chosung,0.3,172,0,0.0,76,1.0,0.2037,1.0,1.0
obfuscated_kg_test,mdeberta,chosung,0.7,172,0,0.0,73,1.0,0.3525,1.0,1.0
obfuscated_kg_test,mdeberta,continue_sound,0.3,102,0,0.0,66,0.0588,0.0019,0.0704,0.0323
obfuscated_kg_test,mdeberta,continue_sound,0.7,149,0,0.0,66,0.0738,0.0025,0.102,0.0196
obfuscated_kg_test,mdeberta,filler_insert,0.3,172,0,0.0,87,1.0,0.2079,1.0,1.0
obfuscated_kg_test,mdeberta,filler_insert,0.7,172,0,0.0,110,1.0,0.3684,1.0,1.0
obfuscated_kg_test,mdeberta,final_decompose,0.3,172,0,0.0,71,1.0,0.0975,1.0,1.0
obfuscated_kg_test,mdeberta,final_decompose,0.7,172,0,0.0,82,1.0,0.2006,1.0,1.0
obfuscated_kg_test,mdeberta,final_replace,0.3,172,0,0.0,68,0.9826,0.0777,0.9815,0.9844
obfuscated_kg_test,mdeberta,final_replace,0.7,172,0,0.0,69,1.0,0.1604,1.0,1.0
obfuscated_kg_test,mdeberta,iconic_swap,0.3,172,0,0.0,85,1.0,0.1956,1.0,1.0
obfuscated_kg_test,mdeberta,iconic_swap,0.7,172,0,0.0,106,1.0,0.3416,1.0,1.0
obfuscated_kg_test,mdeberta,jamo_decompose,0.3,172,0,0.0,68,1.0,0.2049,1.0,1.0
obfuscated_kg_test,mdeberta,jamo_decompose,0.7,172,0,0.0,70,1.0,0.3494,1.0,1.0
obfuscated_kg_test,mdeberta,qwerty,0.3,172,0,0.0,84,0.0,0.0,0.0,0.0
obfuscated_kg_test,mdeberta,qwerty,0.7,172,0,0.0,103,0.0,0.0,0.0,0.0
obfuscated_kg_test,mdeberta,romanize,0.3,172,0,0.0,72,0.0,0.0,0.0,0.0
obfuscated_kg_test,mdeberta,romanize,0.7,172,0,0.0,85,0.0,0.0,0.0,0.0
obfuscated_kg_test,mdeberta,space_delete,0.3,172,0,0.0,61,0.0,0.0,0.0,0.0
obfuscated_kg_test,mdeberta,space_delete,0.7,172,0,0.0,58,0.0,0.0,0.0,0.0
obfuscated_kg_test,mdeberta,space_insert,0.3,172,0,0.0,76,0.0,0.0,0.0,0.0
obfuscated_kg_test,mdeberta,space_insert,0.7,172,0,0.0,94,0.0,0.0,0.0,0.0
obfuscated_kg_test,mdeberta,syllable_shuffle,0.3,171,0,0.0,67,0.0,0.0,0.0,0.0
obfuscated_kg_test,mdeberta,syllable_shuffle,0.7,172,0,0.0,73,0.0,0.0,0.0,0.0
obfuscated_kg_test,mdeberta,symbol_insert,0.3,172,0,0.0,94,0.907,0.0475,0.9537,0.8281
obfuscated_kg_test,mdeberta,symbol_insert,0.7,172,0,0.0,115,0.9942,0.0867,1.0,0.9844
obfuscated_kg_test,mdeberta,tensify,0.3,172,0,0.0,69,0.3372,0.0129,0.3704,0.2812
obfuscated_kg_test,mdeberta,tensify,0.7,172,0,0.0,75,0.5291,0.0243,0.5648,0.4688
obfuscated_kg_test,mdeberta,vowel_replace,0.3,148,0,0.0,65,0.0946,0.0036,0.0816,0.12
obfuscated_kg_test,mdeberta,vowel_replace,0.7,165,0,0.0,65,0.2,0.0076,0.2404,0.1311
obfuscated_kg_test,mdeberta,yamin_swap,0.3,156,0,0.0,68,0.7885,0.0334,0.8039,0.7593
obfuscated_kg_test,mdeberta,yamin_swap,0.7,170,0,0.0,70,0.8824,0.0592,0.9352,0.7903
obfuscated_kg_test,mdeberta,zwsp_inject,0.3,172,0,0.0,84,1.0,0.2072,1.0,1.0
obfuscated_kg_test,mdeberta,zwsp_inject,0.7,172,0,0.0,112,1.0,0.3683,1.0,1.0
